,Epoch,silhouette,recon_loss,kl_loss,total_loss
0,0,0.10119095,0.01031380580698556,0.004672678125401338,0.014986484060526316
1,1,0.81912833,0.010262600033946917,2.0474221589617452e-07,0.01026280479281084
2,2,0.78384286,0.0,0.0,0.0
